{
  "svm": {
    "accuracy": 0.7923306772908366,
    "precision": 0.7917485265225933,
    "recall": 0.7972304648862513,
    "f1": 0.7944800394282898,
    "roc_auc": 0.8482152689522573
  },
  "random_forest": {
    "accuracy": 0.8720119521912351,
    "precision": 0.8717948717948718,
    "recall": 0.874381800197824,
    "f1": 0.8730864197530864,
    "roc_auc": 0.8929280422870988
  },
  "logistic_regression": {
    "accuracy": 0.7375498007968128,
    "precision": 0.7479508196721312,
    "recall": 0.722057368941642,
    "f1": 0.7347760442878711,
    "roc_auc": 0.8025064312621346
  }
}