{
  "svm": {
    "accuracy": 0.931023720349563,
    "precision": 0.9366130558183539,
    "recall": 0.9249454998442853,
    "f1": 0.9307427138827954,
    "roc_auc": 0.9764786007436316
  },
  "random_forest": {
    "accuracy": 0.9589575530586767,
    "precision": 0.9569125852448853,
    "recall": 0.9613827468078481,
    "f1": 0.9591424576666149,
    "roc_auc": 0.9850982902356978
  },
  "logistic_regression": {
    "accuracy": 0.9158863920099876,
    "precision": 0.9238578680203046,
    "recall": 0.9068825910931174,
    "f1": 0.9152915291529153,
    "roc_auc": 0.9765970549897537
  }
}