{
  "svm": {
    "accuracy": 0.9325842696629213,
    "precision": 0.9352548036758563,
    "recall": 0.9298172757475083,
    "f1": 0.9325281132861308,
    "mse": 0.06741573033707865,
    "rmse": 0.2596453934447493,
    "roc_auc": 0.9780464461663789
  },
  "random_forest": {
    "accuracy": 0.9617145235122764,
    "precision": 0.9589352042921998,
    "recall": 0.9649086378737541,
    "f1": 0.9619126474849927,
    "mse": 0.03828547648772368,
    "rmse": 0.19566674854896446,
    "roc_auc": 0.9858036588837874
  },
  "logistic_regression": {
    "accuracy": 0.9165626300457761,
    "precision": 0.9239543726235742,
    "recall": 0.9082225913621262,
    "f1": 0.916020942408377,
    "mse": 0.08343736995422389,
    "rmse": 0.2888552751019512,
    "roc_auc": 0.9773347252278339
  }
}