{
  "svm": {
    "accuracy": 0.7623762376237624,
    "precision": 0.7647058823529411,
    "recall": 0.7647058823529411,
    "f1": 0.7647058823529411,
    "roc_auc": 0.8525490196078431
  },
  "random_forest": {
    "accuracy": 0.9800796812749004,
    "precision": 0.9820717131474104,
    "recall": 0.9781746031746031,
    "f1": 0.9801192842942346,
    "roc_auc": 0.9993621031746032
  },
  "logistic_regression": {
    "accuracy": 0.801980198019802,
    "precision": 0.803921568627451,
    "recall": 0.803921568627451,
    "f1": 0.803921568627451,
    "roc_auc": 0.8905882352941176
  }
}