{
  "random_forest": {
    "accuracy": 0.7524752475247525,
    "precision": 0.7407407407407407,
    "recall": 0.7843137254901961,
    "f1": 0.7619047619047619,
    "roc_auc": 0.8027450980392157
  }
}