{
  "svm": {
    "accuracy": 0.7623762376237624,
    "precision": 0.7647058823529411,
    "recall": 0.7647058823529411,
    "f1": 0.7647058823529411,
    "roc_auc": 0.8525490196078431
  },
  "random_forest": {
    "accuracy": 0.7524752475247525,
    "precision": 0.7407407407407407,
    "recall": 0.7843137254901961,
    "f1": 0.7619047619047619,
    "roc_auc": 0.8027450980392157
  },
  "logistic_regression": {
    "accuracy": 0.801980198019802,
    "precision": 0.803921568627451,
    "recall": 0.803921568627451,
    "f1": 0.803921568627451,
    "roc_auc": 0.8905882352941176
  }
}